{
 "action": "Create Entry",
 "action_label": "Manage Sales Tax Templates",
 "creation": "2020-05-13 19:29:43.844463",
 "description": "# Setting up Taxes\n\nNB Next lets you configure your taxes so that they are automatically applied in your buying and selling transactions. You can configure them globally or even on Items. NB Next taxes are pre-configured for most regions.",
 "docstatus": 0,
 "doctype": "Onboarding Step",
 "idx": 0,
 "is_complete": 0,
 "is_single": 0,
 "is_skipped": 0,
 "modified": "2022-06-14 17:37:56.694261",
 "modified_by": "Administrator",
 "name": "Setup Taxes",
 "owner": "Administrator",
 "reference_document": "Sales Taxes and Charges Template",
 "show_form_tour": 1,
 "show_full_form": 1,
 "title": "Setting up Taxes",
 "validate_action": 0
}