{
 "action": "Create Entry",
 "action_label": "Let\u2019s create a stock opening entry",
 "creation": "2021-05-17 16:13:47.511883",
 "description": "# Update Stock Opening Balance\nIt\u2019s an entry to update the stock balance of an item, in a warehouse, on a date and time you are going live on NB Next.\n\nOnce opening stocks are updated, you can create transactions like manufacturing and stock deliveries, where this opening stock will be consumed.",
 "docstatus": 0,
 "doctype": "Onboarding Step",
 "idx": 0,
 "is_complete": 0,
 "is_single": 0,
 "is_skipped": 0,
 "modified": "2021-06-18 13:59:36.021097",
 "modified_by": "Administrator",
 "name": "Stock Opening Balance",
 "owner": "Administrator",
 "reference_document": "Stock Reconciliation",
 "show_form_tour": 1,
 "show_full_form": 1,
 "title": "Update Stock Opening Balance",
 "validate_action": 1,
 "video_url": "https://www.youtube.com/watch?v=nlHX0ZZ84Lw"
}