{
 "action": "View Report",
 "action_label": "Check Stock Projected Qty",
 "creation": "2021-08-20 14:38:41.649103",
 "description": "# Check Stock Reports\nBased on the various stock transactions, you can get a host of one-click Stock Reports in NB Next like Stock Ledger, Stock Balance, Projected Quantity, and Ageing analysis.",
 "docstatus": 0,
 "doctype": "Onboarding Step",
 "idx": 0,
 "is_complete": 0,
 "is_single": 0,
 "is_skipped": 0,
 "modified": "2021-08-20 14:38:41.649103",
 "modified_by": "Administrator",
 "name": "View Stock Projected Qty",
 "owner": "Administrator",
 "reference_report": "Stock Projected Qty",
 "report_description": "You can set the filters to narrow the results, then click on Generate New Report to see the updated report.",
 "report_reference_doctype": "Item",
 "report_type": "Script Report",
 "show_form_tour": 0,
 "show_full_form": 0,
 "title": "Check Stock Projected Qty",
 "validate_action": 1
}