{
 "action": "Show Form Tour",
 "action_label": "Add an existing Asset",
 "creation": "2021-08-13 14:28:30.650459",
 "description": "# Add an Existing Asset\n\nIf you are just starting with NB Next, you will need to enter Assets you already possess. You can add them as existing fixed assets in NB Next. Please note that you will have to make a Journal Entry separately updating the opening balance in the fixed asset account.",
 "docstatus": 0,
 "doctype": "Onboarding Step",
 "idx": 0,
 "is_complete": 0,
 "is_single": 0,
 "is_skipped": 0,
 "modified": "2021-08-16 14:03:48.850471",
 "modified_by": "Administrator",
 "name": "Existing Asset",
 "owner": "Administrator",
 "reference_document": "Asset",
 "show_form_tour": 0,
 "show_full_form": 0,
 "title": "Add an Existing Asset",
 "validate_action": 1
}