{
 "action": "Watch Video",
 "action_label": "Learn about  Navigation options",
 "creation": "2021-11-22 12:09:52.233872",
 "description": "# Navigation in NB Next\n\nEase of navigating and browsing around the NB Next is one of our core strengths. In the following video, you will learn how to reach a specific feature in NB Next via module page or awesome bar\u2019s shortcut.\n",
 "docstatus": 0,
 "doctype": "Onboarding Step",
 "idx": 0,
 "is_complete": 0,
 "is_single": 0,
 "is_skipped": 0,
 "modified": "2022-06-07 14:28:00.901082",
 "modified_by": "Administrator",
 "name": "Navigation Help",
 "owner": "Administrator",
 "show_form_tour": 0,
 "show_full_form": 0,
 "title": "How to Navigate in NB Next",
 "validate_action": 1,
 "video_url": "https://youtu.be/j60xyNFqX_A"
}