{
 "action": "Show Form Tour",
 "action_label": "Take a walk through Stock Settings",
 "creation": "2020-05-15 02:53:57.209967",
 "description": "# Review Stock Settings\n\nIn NB Next, the Stock module\u2019s features are configurable as per your business needs. Stock Settings is the place where you can set your preferences for:\n- Default values for Item and Pricing\n- Default valuation method for inventory valuation\n- Set preference for serialization and batching of item\n- Set tolerance for over-receipt and delivery of items",
 "docstatus": 0,
 "doctype": "Onboarding Step",
 "idx": 0,
 "is_complete": 0,
 "is_single": 1,
 "is_skipped": 0,
 "modified": "2021-08-18 12:06:51.139387",
 "modified_by": "Administrator",
 "name": "Stock Settings",
 "owner": "Administrator",
 "reference_document": "Stock Settings",
 "show_form_tour": 0,
 "show_full_form": 0,
 "title": "Review Stock Settings",
 "validate_action": 1
}