{
 "charts": [],
 "content": "[{\"type\":\"header\",\"data\":{\"text\":\"<span class=\\\"h4\\\"><b>Reports & Masters</b></span>\",\"col\":12}},{\"type\":\"card\",\"data\":{\"card_name\":\"Marketplace\",\"col\":4}},{\"type\":\"card\",\"data\":{\"card_name\":\"Payments\",\"col\":4}},{\"type\":\"card\",\"data\":{\"card_name\":\"Settings\",\"col\":4}}]",
 "creation": "2020-08-20 19:30:48.138801",
 "docstatus": 0,
 "doctype": "Workspace",
 "for_user": "",
 "hide_custom": 0,
 "icon": "integration",
 "idx": 0,
 "label": "NB Next Integrations",
 "links": [
  {
   "hidden": 0,
   "is_query_report": 0,
   "label": "Marketplace",
   "link_count": 0,
   "onboard": 0,
   "type": "Card Break"
  },
  {
   "dependencies": "",
   "hidden": 0,
   "is_query_report": 0,
   "label": "Woocommerce Settings",
   "link_count": 0,
   "link_to": "Woocommerce Settings",
   "link_type": "DocType",
   "onboard": 0,
   "type": "Link"
  },
  {
   "hidden": 0,
   "is_query_report": 0,
   "label": "Payments",
   "link_count": 0,
   "onboard": 0,
   "type": "Card Break"
  },
  {
   "dependencies": "",
   "hidden": 0,
   "is_query_report": 0,
   "label": "GoCardless Settings",
   "link_count": 0,
   "link_to": "GoCardless Settings",
   "link_type": "DocType",
   "onboard": 0,
   "type": "Link"
  },
  {
   "dependencies": "",
   "hidden": 0,
   "is_query_report": 0,
   "label": "M-Pesa Settings",
   "link_count": 0,
   "link_to": "Mpesa Settings",
   "link_type": "DocType",
   "onboard": 0,
   "type": "Link"
  },
  {
   "hidden": 0,
   "is_query_report": 0,
   "label": "Settings",
   "link_count": 0,
   "onboard": 0,
   "type": "Card Break"
  },
  {
   "dependencies": "",
   "hidden": 0,
   "is_query_report": 0,
   "label": "Plaid Settings",
   "link_count": 0,
   "link_to": "Plaid Settings",
   "link_type": "DocType",
   "onboard": 0,
   "type": "Link"
  },
  {
   "dependencies": "",
   "hidden": 0,
   "is_query_report": 0,
   "label": "Exotel Settings",
   "link_count": 0,
   "link_to": "Exotel Settings",
   "link_type": "DocType",
   "onboard": 0,
   "type": "Link"
  }
 ],
 "modified": "2022-01-13 17:35:35.508718",
 "modified_by": "Administrator",
 "module": "ERPNext Integrations",
 "name": "NB Next Integrations",
 "owner": "Administrator",
 "parent_page": "",
 "public": 1,
 "restrict_to_domain": "",
 "roles": [],
 "sequence_id": 10.0,
 "shortcuts": [],
 "title": "NB Next Integrations"
}
