{
 "action": "Watch Video",
 "action_label": "Learn how to update opening balances",
 "creation": "2021-07-12 11:53:50.525030",
 "description": "# Updating Opening Balances\n\nOnce you close the financial statement in previous accounting software, you can update the same as opening in your NB Next's Balance Sheet accounts. This will allow you to get complete financial statements from NB Next in the coming years, and discontinue the parallel accounting system right away.",
 "docstatus": 0,
 "doctype": "Onboarding Step",
 "idx": 0,
 "intro_video_url": "https://www.youtube.com/embed/U5wPIvEn-0c",
 "is_complete": 0,
 "is_single": 0,
 "is_skipped": 0,
 "modified": "2021-08-13 11:56:45.483418",
 "modified_by": "Administrator",
 "name": "Updating Opening Balances",
 "owner": "Administrator",
 "show_form_tour": 0,
 "show_full_form": 0,
 "title": "Updating Opening Balances",
 "validate_action": 1,
 "video_url": "https://www.youtube.com/embed/U5wPIvEn-0c"
}