{
 "action": "Go to Page",
 "action_label": "Learn more about Chart of Accounts",
 "callback_message": "You can continue with the onboarding after exploring this page",
 "callback_title": "Explore Chart of Accounts",
 "creation": "2020-05-13 19:58:20.928127",
 "description": "# Chart Of Accounts\n\nNB Next sets up a simple chart of accounts for each Company you create, but you can modify it according to business and legal requirements.",
 "docstatus": 0,
 "doctype": "Onboarding Step",
 "idx": 0,
 "intro_video_url": "https://www.youtube.com/embed/AcfMCT7wLLo",
 "is_complete": 0,
 "is_single": 0,
 "is_skipped": 0,
 "modified": "2022-06-07 14:21:26.264769",
 "modified_by": "Administrator",
 "name": "Chart of Accounts",
 "owner": "Administrator",
 "path": "Tree/Account",
 "reference_document": "Account",
 "show_form_tour": 0,
 "show_full_form": 0,
 "title": "Review Chart of Accounts",
 "validate_action": 0,
 "video_url": "https://www.youtube.com/embed/AcfMCT7wLLo"
}