{
 "action": "Create Entry",
 "creation": "2020-05-12 18:16:06.624554",
 "description": "## Products and Services\n\nDepending on the nature of your business, you might be selling products or services to your clients or even both. \nNB Next is optimized for itemized management of your sales and purchase.\n\nThe **Item Master**  is where you can add all your sales items. If you are in services, you can create an Item for each service that you offer. If you run a manufacturing business, the same master is used for keeping a record of raw materials, sub-assemblies etc.\n\nCompleting the Item Master is very essential for the successful implementation of NB Next. We have a brief video introducing the item master for you, you can watch it in the next step.",
 "docstatus": 0,
 "doctype": "Onboarding Step",
 "idx": 0,
 "intro_video_url": "https://www.youtube.com/watch?v=Sl5UFA5H5EQ",
 "is_complete": 0,
 "is_single": 0,
 "is_skipped": 0,
 "modified": "2020-10-30 15:20:30.133495",
 "modified_by": "Administrator",
 "name": "Create a Product",
 "owner": "Administrator",
 "reference_document": "Item",
 "show_form_tour": 0,
 "show_full_form": 0,
 "title": "Create a Sales Item",
 "validate_action": 1
}