{
 "action": "Show Form Tour",
 "action_label": "Take a quick walk-through of Accounts Settings",
 "creation": "2021-06-29 16:42:03.400731",
 "description": "# Account Settings\n\nIn NB Next, Accounting features are configurable as per your business needs. Accounts Settings is the place to define some of your accounting preferences like:\n\n - Credit Limit and over billing settings\n - Taxation preferences\n - Deferred accounting preferences\n",
 "docstatus": 0,
 "doctype": "Onboarding Step",
 "idx": 0,
 "is_complete": 0,
 "is_single": 1,
 "is_skipped": 0,
 "modified": "2021-08-13 11:50:06.227835",
 "modified_by": "Administrator",
 "name": "Accounts Settings",
 "owner": "Administrator",
 "reference_document": "Accounts Settings",
 "show_form_tour": 0,
 "show_full_form": 0,
 "title": "Accounts Settings",
 "validate_action": 1
}