{
 "action": "Show Form Tour",
 "creation": "2020-05-14 17:53:00.876946",
 "description": "# Account Settings\n\nThis is a crucial piece of configuration. There are various account settings in NB Next to restrict and configure actions in the Accounting module.\n\nThe following settings are avaialble for you to configure\n\n1. Account Freezing \n2. Credit and Overbilling\n3. Invoicing and Tax Automations\n4. Balance Sheet configurations\n\nThere's much more, you can check it all out in this step",
 "docstatus": 0,
 "doctype": "Onboarding Step",
 "idx": 0,
 "is_complete": 0,
 "is_single": 1,
 "is_skipped": 0,
 "modified": "2020-10-19 14:40:55.584484",
 "modified_by": "Administrator",
 "name": "Configure Account Settings",
 "owner": "Administrator",
 "reference_document": "Accounts Settings",
 "show_form_tour": 0,
 "show_full_form": 1,
 "title": "Configure Account Settings",
 "validate_action": 1
}