{
 "action": "Go to Page",
 "action_label": "View Cost Center Tree",
 "creation": "2021-07-12 12:02:05.726608",
 "description": "# Cost Centers for Budgeting and Analysis\n\nWhile your Books of Accounts are framed to fulfill statutory requirements, you can set up Cost Center and Accounting Dimensions to address your companies reporting and budgeting requirements.\n\nClick here to learn more about how  <b>[Cost Center](https://docs.erpnext.com/docs/v13/user/manual/en/accounts/cost-center)</b> and <b> [Dimensions](https://docs.erpnext.com/docs/v13/user/manual/en/accounts/accounting-dimensions)</b> allow you to get advanced financial analytics reports from NB Next.",
 "docstatus": 0,
 "doctype": "Onboarding Step",
 "idx": 0,
 "is_complete": 0,
 "is_single": 0,
 "is_skipped": 0,
 "modified": "2021-08-13 11:55:08.510366",
 "modified_by": "Administrator",
 "name": "Cost Centers for Report and Budgeting",
 "owner": "Administrator",
 "path": "cost-center/view/tree",
 "show_form_tour": 0,
 "show_full_form": 0,
 "title": "Cost Centers for Budgeting and Analysis",
 "validate_action": 1
}